{"cameraMode":{"drawMode":0,"name":"Shaded","section":"Shading Mode"},"sceneLighting":false,"audioPlay":false,"sceneViewState":{"showFog":true,"showMaterialUpdate":false,"showSkybox":true,"showFlares":true,"showImageEffects":true,"showParticleSystems":true},"in2DMode":false,"pivot":{"x":20.485809326171876,"y":-13.902854919433594,"z":-19.662113189697267},"rotation":{"x":-0.39494282007217409,"y":0.12126423418521881,"z":-0.05267392098903656,"w":-0.9091562628746033},"size":33.10621643066406,"orthographic":false}